Model,Accuracy,Macro-F1,Macro-Precision,Macro-Recall,Method_Group
Qwen-14B (Distilled),0.9148665819567979,0.7516590133050748,0.7130620815965644,0.8191547230499976,Distillation
PhoBERT,0.9186785260482846,0.7389718076285241,0.7140887556443852,0.773603424625136,Training (Baseline)
LLaMA-70B (Few),0.7344345616264295,0.5368932886227276,0.5516913319238901,0.6503476656733362,Prompting (LLMs)
