Model,Accuracy,Macro-F1,Macro-Precision,Macro-Recall,Method_Group
Qwen-14B (Distilled),0.8996188055908514,0.5025804093567251,0.42623251103386034,0.7027501022790172,Distillation
PhoBERT,0.8996188055908514,0.42076257451511,0.4002401400649185,0.5474977739272736,Training (Baseline)
Qwen-A22B (CoT),0.4815756035578145,0.2200363778790642,0.22773958408926778,0.5288486992515583,Prompting (LLMs)
